{
  "deepestProjection": 39,
  "structureSize": {
    "z": 17,
    "x": 16
  },
  "ignoreThis": "3745b607b1b6c81",
  "margin": 4,
  "version": "1.0.0",
  "lineDepths": [
    8.718448,
    15.483068,
    4.043351,
    1.9185476,
    7.14956,
    13.141833,
    11.514478,
    0.31237888,
    15.830541,
    9.769329,
    5.898181,
    3.779931,
    14.109304,
    8.4792185,
    12.089473,
    2.2286348,
    15.852545,
    10.282913,
    0.29371166,
    13.857815,
    7.7406826,
    3.8814898,
    12.23258,
    6.185507,
    15.566722,
    10.698259,
    13.921945,
    1.8322935,
    9.031464,
    5.079855,
    12.413148,
    15.525386,
    7.2252836,
    0.48680305,
    3.3671188,
    14.139165,
    10.140935,
    12.157852,
    5.117387,
    8.380231,
    1.9239206,
    15.623136,
    13.640624,
    11.029067,
    6.9966955,
    0.02929306,
    3.8791294,
    9.166073,
    12.689468,
    15.83756,
    1.7822447,
    6.0141907,
    10.814462,
    7.8739805,
    14.5996065,
    4.267226,
    0.21766186,
    12.388735,
    9.506749,
    15.741769,
    2.2784777,
    13.806009,
    6.6748114,
    10.902847,
    4.669425,
    8.377864,
    15.061456,
    12.330289,
    0.22723293,
    2.8558807,
    9.658911,
    5.8364334,
    15.732181,
    7.5169706,
    11.364872,
    13.12778,
    3.8760004,
    1.1336241,
    9.500034,
    15.808872,
    5.915468,
    13.874587,
    7.567404,
    11.951618,
    2.266492,
    10.134829,
    14.777559,
    3.93256,
    0.0221138,
    5.966837,
    12.040558,
    8.062206,
    15.243472,
    13.423826,
    2.3220673,
    9.932192,
    4.443137,
    6.2539034,
    0.3699293,
    15.854708,
    11.847136,
    7.6477976
  ]
}