{
  "margin size": 2,
  "x real units": 5.0,
  "z real units": 5.0,
  "furthest projection": 15.0,
  "string z locations": [
    4.915888532340431,
    1.0662950369247608,
    0.4946956844676764,
    3.1233152868571263,
    4.608246207785255,
    1.4460552363856523,
    0.46816066829532876,
    1.1916171093424683,
    1.1741821059958975,
    1.6594132650025073,
    2.6002121495848964,
    2.290647388578477,
    4.289555339220469,
    0.21150612695445214,
    0.16305959585598773,
    0.1726961135897398,
    3.5152008691356467,
    2.0800391684655137,
    0.6036644199072894,
    4.725600424182554,
    3.0298468085790575,
    1.7217798087158698,
    0.4572506877643012,
    2.9740455824991163,
    3.060004759395332,
    3.67861365013817,
    2.3493903749633804,
    3.1496697251081396,
    4.120547681628933,
    3.209144876356845,
    3.7171784144996733,
    2.4518652165184553,
    3.3276462225529735,
    0.6030836005399204,
    2.4272303768713495,
    2.205694189893965,
    0.12056401472910983,
    1.1431048492616158,
    0.3799921616720753,
    2.7083467606709637,
    0.2587715900138893,
    4.767465759947575,
    3.8054235457230274,
    0.4091727181263294,
    1.776841861172529,
    2.347088150303352,
    2.777289987326724,
    0.9853444222683866,
    1.013896647626214,
    0.20962969613820492,
    2.1334495652348204,
    0.8628485819232923,
    2.583133804576303,
    2.647797915060192,
    0.9134233292095867,
    3.7720597470841493,
    2.6496806544688445,
    1.6650142469105023,
    1.3665152994132423,
    2.685645057788565,
    2.5165211162168992,
    0.7010760712374914,
    1.1196864244652445,
    1.2046975200802463
  ]
}